{
    "version": 3,
    "configurePresets": [
        {
            "name": "base",
            "hidden": true,
            "generator": "Ninja",
            "binaryDir": "${sourceDir}/build/${presetName}",
            "installDir": "${sourceDir}/install/${presetName}",
            "architecture": { "value": "x64", "strategy": "external" },
            "cacheVariables": {
                "CMAKE_CXX_COMPILER": "cl.exe",
                "CMAKE_CXX_FLAGS": "/permissive- /Zc:preprocessor /EHsc /MP /W4 -DWIN32_LEAN_AND_MEAN -DNOMINMAX -DUNICODE -D_UNICODE",
                "CMAKE_TOOLCHAIN_FILE": "$env{VCPKG_ROOT}/scripts/buildsystems/vcpkg.cmake",
                "VCPKG_TARGET_TRIPLET": "x64-windows-static",
                "VCPKG_OVERLAY_TRIPLETS": "${sourceDir}/cmake",
                "CMAKE_MSVC_RUNTIME_LIBRARY": "MultiThreaded$<$<CONFIG:Debug>:Debug>",
                "CMAKE_EXPORT_COMPILE_COMMANDS": "ON"
            }
        },
        {
            "name": "debug",
            "inherits": ["base"],
            "displayName": "Debug",
            "cacheVariables": { "CMAKE_BUILD_TYPE": "Debug" }
        },
        {
            "name": "release",
            "inherits": ["base"],
            "displayName": "Release",
            "cacheVariables": { "CMAKE_BUILD_TYPE": "Release" }
        }
    ]
}
